-- Inserindo dados na tabela tb_cliente
INSERT INTO `tb_cliente` (`id_cliente`, `nome_cliente`, `tipo_cliente`) VALUES
(1, 'João Silva', 'p'),
(2, 'Maria Oliveira', 'p'),
(3, 'Empresa ABC', 'e'),
(4, 'Pedro Santos', 'p'),
(5, 'Empresa XYZ', 'e'),
(6, 'Lucas Mendes', 'p'),
(7, 'Empresa QWE', 'e'),
(8, 'Ana Clara', 'p'),
(9, 'Empresa RTY', 'e'),
(10, 'Carlos Souza', 'p'),
(11, 'José Almeida', 'p'),
(12, 'Empresa UIO', 'e'),
(13, 'Fernanda Lima', 'p'),
(14, 'Roberto Pinto', 'p'),
(15, 'Empresa PAS', 'e'),
(16, 'Cláudia Silva', 'p'),
(17, 'Empresa LKO', 'e'),
(18, 'Ricardo Pereira', 'p'),
(19, 'Sofia Costa', 'p'),
(20, 'Empresa MNB', 'e');

-- Inserindo dados na tabela tb_empresa
INSERT INTO `tb_empresa` (`id_empresa`, `nome_empresa`, `cnpj`, `func_responsavel`, `tb_cliente_id_cliente`) VALUES
(1, 'Empresa ABC', '12.345.678/0001-99', 'Marcos Lima', 3),
(2, 'Empresa XYZ', '98.765.432/0001-88', 'Fernanda Souza', 5),
(3, 'Empresa QWE', '11.111.111/0001-11', 'Lucas Martins', 7),
(4, 'Empresa RTY', '22.222.222/0001-22', 'Ana Paula', 9),
(5, 'Empresa UIO', '33.333.333/0001-33', 'Ricardo Mendes', 12),
(6, 'Empresa PAS', '44.444.444/0001-44', 'Cláudia Silva', 15),
(7, 'Empresa LKO', '55.555.555/0001-55', 'Daniel Borges', 17),
(8, 'Empresa MNB', '66.666.666/0001-66', 'Patrícia Souza', 20);

-- Inserindo dados na tabela tb_pessoa
INSERT INTO `tb_pessoa` (`id_pessoa`, `cpf`, `cnh`, `tb_cliente_id_cliente`) VALUES
(1, '123.456.789-00', 'ABC123456', 1),
(2, '987.654.321-00', 'DEF654321', 2),
(3, '456.789.123-00', 'GHI789123', 4),
(4, '654.321.987-00', 'MNO321654', 6),
(5, '159.753.486-00', 'STU159753', 8),
(6, '258.147.369-00', 'YZA258147', 10),
(7, '147.258.369-00', 'BCD147258', 11),
(8, '951.753.852-00', 'HIJ951753', 13),
(9, '852.951.753-00', 'KLM852951', 14),
(10, '456.321.789-00', 'QRS456321', 16),
(11, '147.369.258-00', 'WXY147369', 18),
(12, '258.963.147-00', 'ZAB258963', 19);

-- Inserindo dados na tabela tb_funcionario
INSERT INTO `tb_funcionario` (`id_funcionario`, `nome_funcionario`, `cpf_funcionario`, `senha_funcionario`) VALUES
(1, 'Ana Pereira', '123.456.789-00', 'senha123'),
(2, 'Carlos Almeida', '987.654.321-00', 'senha456'),
(3, 'Bruno Costa', '456.789.123-00', 'senha789'),
(4, 'Lúcia Lima', '321.654.987-00', 'senha321'),
(5, 'Ricardo Gomes', '654.321.987-00', 'senha654'),
(6, 'Joana Prado', '789.123.456-00', 'senha987'),
(7, 'Marcelo Lopes', '159.753.486-00', 'senha159'),
(8, 'Gabriela Reis', '357.951.852-00', 'senha357'),
(9, 'Paulo Souza', '258.147.369-00', 'senha258'),
(10, 'Clara Ferreira', '147.258.369-00', 'senha147'),
(11, 'Rafael Lima', '369.258.147-00', 'senha369'),
(12, 'Amanda Santos', '951.753.852-00', 'senha951'),
(13, 'Júlio Mendes', '852.951.753-00', 'senha852'),
(14, 'Fábio Ribeiro', '753.852.951-00', 'senha753'),
(15, 'Sofia Almeida', '456.321.789-00', 'senha456'),
(16, 'Daniel Borges', '789.654.123-00', 'senha789'),
(17, 'Carla Lopes', '147.369.258-00', 'senha147'),
(18, 'Lucas Costa', '258.963.147-00', 'senha258'),
(19, 'Patrícia Souza', '369.147.258-00', 'senha369'),
(20, 'Rodrigo Silva', '951.456.753-00', 'senha951');

-- Inserindo dados na tabela tb_veiculo
INSERT INTO `tb_veiculo` (`id_veiculo`, `nome_veiculo`, `ano_veiculo`, `marca_veiculo`, `tipo_veiculo`, `cor_veiculo`, `placa_veiculo`, `estado_veiculo`, `motor_veiculo`, `km_rodados`, `descricao_veiculo`, `qtd_portas`, `arcondicionado_veiculo`, `portamala_veiculo`, `tamanho_veiculo`, `cambio_veiculo`, `npassageiro_veiculo`) VALUES
(1, 'Fiat Uno', '2018', 'Fiat', 'c', 'Branco', 'ABC-1234', 'a', '1.0', '50000', 'Econômico', '2', 's', 's', 'p', 'm', '5'),
(2, 'Honda Civic', '2020', 'Honda', 'c', 'Preto', 'DEF-5678', 'a', '2.0', '30000', 'Confortável', '4', 's', 's', 'm', 'a', '5'),
(3, 'Yamaha YZF', '2019', 'Yamaha', 'm', 'Azul', 'GHI-9012', 'a', '600cc', '10000', 'Esportiva', '0', 'n', 'n', 'p', 'm', '2'),
(4, 'Chevrolet Onix', '2021', 'Chevrolet', 'c', 'Vermelho', 'JKL-3456', 'a', '1.4', '20000', 'Compacto', '4', 's', 's', 'm', 'm', '5'),
(5, 'Volkswagen Golf', '2017', 'Volkswagen', 'c', 'Cinza', 'MNO-7890', 'a', '1.6', '60000', 'Luxo', '4', 's', 's', 'm', 'a', '5'),
(6, 'Ford Ka', '2019', 'Ford', 'c', 'Prata', 'PQR-6789', 'a', '1.5', '25000', 'Popular', '4', 's', 's', 'p', 'm', '5'),
(7, 'BMW X1', '2020', 'BMW', 'c', 'Preto', 'STU-5432', 'a', '2.0', '15000', 'Luxo', '4', 's', 's', 'g', 'a', '5'),
(8, 'Kawasaki Ninja', '2018', 'Kawasaki', 'm', 'Verde', 'VWX-9876', 'a', '650cc', '8000', 'Esportiva', '0', 'n', 'n', 'p', 'm', '2'),
(9, 'Hyundai HB20', '2021', 'Hyundai', 'c', 'Azul', 'YZA-4321', 'a', '1.6', '10000', 'Compacto', '4', 's', 's', 'm', 'm', '5'),
(10, 'Toyota Corolla', '2019', 'Toyota', 'c', 'Branco', 'BCD-1234', 'a', '2.0', '35000', 'Sedan', '4', 's', 's', 'm', 'a', '5'),
(11, 'Renault Kwid', '2020', 'Renault', 'c', 'Laranja', 'EFG-5678', 'a', '1.0', '12000', 'Popular', '4', 's', 's', 'p', 'm', '5'),
(12, 'Audi A3', '2017', 'Audi', 'c', 'Cinza', 'HIJ-9012', 'a', '1.8', '45000', 'Luxo', '4', 's', 's', 'm', 'a', '5'),
(13, 'Suzuki GSX', '2019', 'Suzuki', 'm', 'Preto', 'KLM-3456', 'a', '750cc', '7000', 'Esportiva', '0', 'n', 'n', 'p', 'm', '2'),
(14, 'Peugeot 208', '2021', 'Peugeot', 'c', 'Vermelho', 'NOP-7890', 'a', '1.2', '15000', 'Hatch', '4', 's', 's', 'p', 'm', '5'),
(15, 'Chevrolet Cruze', '2018', 'Chevrolet', 'c', 'Prata', 'QRS-6789', 'a', '1.4', '30000', 'Sedan', '4', 's', 's', 'm', 'a', '5'),
(16, 'Honda Fit', '2020', 'Honda', 'c', 'Azul', 'TUV-5432', 'a', '1.5', '20000', 'Compacto', '4', 's', 's', 'm', 'm', '5'),
(17, 'Jeep Compass', '2019', 'Jeep', 'c', 'Preto', 'WXY-9876', 'a', '2.0', '25000', 'SUV', '4', 's', 's', 'g', 'a', '5'),
(18, 'Volkswagen Polo', '2018', 'Volkswagen', 'c', 'Branco', 'ZAB-4321', 'a', '1.0', '40000', 'Hatch', '4', 's', 's', 'p', 'm', '5'),
(19, 'Ford Fiesta', '2017', 'Ford', 'c', 'Cinza', 'CDE-1234', 'a', '1.6', '50000', 'Popular', '4', 's', 's', 'p', 'm', '5'),
(20, 'Nissan Versa', '2021', 'Nissan', 'c', 'Prata', 'FGH-5678', 'a', '1.6', '8000', 'Sedan', '4', 's', 's', 'm', 'm', '5');

-- Inserindo dados na tabela tb_aluguel
INSERT INTO `tb_aluguel` (`id_aluguel`, `data_aluguel`, `tb_funcionario_id_funcionario`, `tb_cliente_id_cliente`) VALUES
(1, '2024-06-01', 1, 1),
(2, '2024-06-05', 2, 2),
(3, '2024-06-10', 1, 3),
(4, '2024-06-15', 3, 4),
(5, '2024-06-20', 2, 5),
(6, '2024-06-25', 4, 6),
(7, '2024-06-30', 5, 7),
(8, '2024-07-05', 6, 8),
(9, '2024-07-10', 7, 9),
(10, '2024-07-15', 8, 10),
(11, '2024-07-20', 9, 11),
(12, '2024-07-25', 10, 12),
(13, '2024-07-30', 11, 13),
(14, '2024-08-05', 12, 14),
(15, '2024-08-10', 13, 15),
(16, '2024-08-15', 14, 16),
(17, '2024-08-20', 15, 17),
(18, '2024-08-25', 16, 18),
(19, '2024-08-30', 17, 19),
(20, '2024-09-05', 18, 20);


-- Inserindo dados na tabela tb_devolucao
INSERT INTO `tb_devolucao` (`id_devolucao`, `data_devolucao`, `km_rodados`, `valor_cobrado`, `tb_aluguel_id_aluguel`) VALUES
(1, '2024-06-10', '50500', '100', 1),
(2, '2024-06-15', '30500', '150', 2),
(3, '2024-06-20', '11000', '200', 3),
(4, '2024-06-25', '20500', '120', 4),
(5, '2024-06-30', '60500', '180', 5),
(6, '2024-07-05', '25000', '140', 6),
(7, '2024-07-10', '15000', '160', 7),
(8, '2024-07-15', '8000', '130', 8),
(9, '2024-07-20', '10000', '170', 9),
(10, '2024-07-25', '35000', '190', 10),
(11, '2024-07-30', '12000', '200', 11),
(12, '2024-08-05', '45000', '210', 12),
(13, '2024-08-10', '7000', '220', 13),
(14, '2024-08-15', '15000', '230', 14),
(15, '2024-08-20', '8000', '240', 15),
(16, '2024-08-25', '20000', '250', 16),
(17, '2024-08-30', '40000', '260', 17),
(18, '2024-09-05', '50000', '270', 18),
(19, '2024-09-10', '10000', '280', 19),
(20, '2024-09-15', '60000', '290', 20);


-- Inserindo dados na tabela tb_enderecos
INSERT INTO `tb_enderecos` (`id_enderecos`, `endereco`, `tb_cliente_id_cliente`) VALUES
(1, 'Rua A, 123', 1),
(2, 'Av. B, 456', 2),
(3, 'Praça C, 789', 3),
(4, 'Rua D, 101', 4),
(5, 'Av. E, 202', 5),
(6, 'Rua F, 303', 6),
(7, 'Av. G, 404', 7),
(8, 'Praça H, 505', 8),
(9, 'Rua I, 606', 9),
(10, 'Av. J, 707', 10),
(11, 'Rua K, 808', 11),
(12, 'Av. L, 909', 12),
(13, 'Praça M, 101', 13),
(14, 'Rua N, 202', 14),
(15, 'Av. O, 303', 15),
(16, 'Rua P, 404', 16),
(17, 'Av. Q, 505', 17),
(18, 'Praça R, 606', 18),
(19, 'Rua S, 707', 19),
(20, 'Av. T, 808', 20);

-- Inserindo dados na tabela tb_manutencao
INSERT INTO `tb_manutencao` (`id_manutencao`, `data_ida`, `data_prev_volta`, `tb_veiculo_id_veiculo`) VALUES
(1, '2024-06-01', '2024-06-05', 1),
(2, '2024-06-10', '2024-06-15', 2),
(3, '2024-06-20', '2024-06-25', 3),
(4, '2024-07-01', '2024-07-05', 4),
(5, '2024-07-10', '2024-07-15', 5),
(6, '2024-07-20', '2024-07-25', 6),
(7, '2024-08-01', '2024-08-05', 7),
(8, '2024-08-10', '2024-08-15', 8),
(9, '2024-08-20', '2024-08-25', 9),
(10, '2024-09-01', '2024-09-05', 10),
(11, '2024-09-10', '2024-09-15', 11),
(12, '2024-09-20', '2024-09-25', 12),
(13, '2024-10-01', '2024-10-05', 13),
(14, '2024-10-10', '2024-10-15', 14),
(15, '2024-10-20', '2024-10-25', 15),
(16, '2024-11-01', '2024-11-05', 16),
(17, '2024-11-10', '2024-11-15', 17),
(18, '2024-11-20', '2024-11-25', 18),
(19, '2024-12-01', '2024-12-05', 19),
(20, '2024-12-10', '2024-12-15', 20);

-- Inserindo dados na tabela tb_carro_aluguel
INSERT INTO `tb_veiculo_aluguel` (`tb_veiculo_id_veiculo`, `tb_aluguel_id_aluguel`) VALUES
(1, 1),
(2, 2),
(3, 3),
(4, 4),
(5, 5),
(6, 6),
(7, 7),
(8, 8),
(9, 9),
(10, 10),
(11, 11),
(12, 12),
(13, 13),
(14, 14),
(15, 15),
(16, 16),
(17, 17),
(18, 18),
(19, 19),
(20, 20);